Source,Target
treblenalto,ML
soggyGreyDuck,AI
BigSwingingMick,Discussion
Suspicious_Jacket463,ML
KitchenFalcon4667,Coding
Ataru074,Discussion
chronicpenguins,Projects
sstlaws,Projects
Stats_monkey,Discussion
mediocrity4,Discussion
yorevodkas0a,AI
NewLifeguard9673,Projects
Heavy-_-Breathing,ML
Dramatic_Wolf_5233,ML
Grapphie,Projects
DieselZRebel,ML
thuraNagar,AI
-phototrope,Coding
MattDamonsTaco,Projects
bryanabraham25,AI
Voldemort57,Discussion
Head-Landscape-5799,Projects
LilJonDoe,Coding
subhdas,AI
Firelord710,AI
BigSwingingMick,Projects
Artistic-Comb-5932,Projects
Traditional-Dress946,Coding
threeminutemonta,Projects
AdFew4357,ML
unclebryanlexus,ML
Matematikis,Projects
szayl,Projects
portmanteaudition,ML
3xil3d_vinyl,ML
Ajinkya1413,AI
shutterthug50,ML
Still-Bookkeeper4456,Coding
ZestyData,Projects
opuntia_conflict,Discussion
TechNerd10191,ML
chandaliergalaxy,Coding
dEm3Izan,Coding
Fireslide,Coding
sn71,AI
pacific_plywood,Coding
RickSt3r,Coding
Theme_Revolutionary,Projects
takuonline,Projects
theJuniorMint07,Coding
venom_holic_,Projects
IhateOnions0427,Coding
Conscious-Tune7777,ML
chandaliergalaxy,Discussion
seanv507,Coding
dev-ai,Projects
Impossible_Sky_5587,AI
Grapphie,ML
OddEditor2467,Discussion
slowcanteloupe,Projects
Business_Reason,AI
zkh77,AI
Accurate-Style-3036,Coding
fight-or-fall,ML
Mountain_Store7603,AI
LaBaguette-FR,Projects
Cool-Importance6004,ML
gyp_casino,Coding
Mean-Coffee-433,ML
-Montse-,Projects
Almoturg,Coding
XrayInfection,Coding
Dushusir,Coding
big_data_mike,Coding
seanv507,Discussion
not_invented_here,AI
BigSwingingMick,ML
RemindMeBot,Projects
BoJackHorseMan53,AI
iDnYsIiNdGe,AI
Accurate-Style-3036,Discussion
babygrenade,AI
Fl0wer_Boi,ML
blahreport,Coding
_brownmunda,AI
Mortui75,Coding
PhotographFormal8593,Discussion
Commercial_Army9478,ML
dbplatypii,ML
genobobeno_va,Projects
Wojtkie,Projects
Emotional-Rhubarb725,Discussion
Damp_Out,Discussion
aeroumbria,Projects
RobertWF_47,ML
qtpnd,AI
renomona,ML
elforce001,Coding
acortical,AI
fishnet222,Discussion
filipstine,ML
Rodeo7171,AI
berserk539,Coding
Lumpy-Apricot-9048,Projects
takuonline,ML
lakeland_nz,AI
temp2449,ML
KanyeIsMyGod,Projects
waiting4omscs,AI
RecognitionSignal425,Coding
Emuthusiast,ML
itzritz1,Discussion
Catherbys,ML
kdy420,AI
Traditional-Dress946,Discussion
Guyserbun007,Coding
xCrek,Projects
Eightstream,AI
_OMGTheyKilledKenny_,ML
Wild-Law765,AI
oihjoe,Projects
Murky-Motor9856,ML
RepairFar7806,Discussion
NGNevermore,Projects
Otto_von_Boismarck,ML
wheres_my_chutney,AI
redisburning,Coding
Due-Duty961,Coding
Nearby_Parking,AI
Sufficient_Meet6836,ML
Vegetable-Pack9292,Coding
digiorno,AI
Arnold891127,ML
Rustlerofjimmies69,Coding
rim_sahia,AI
JobIsAss,Discussion
Tunashadow,AI
enthu-gen-ai,Projects
dankerton,Discussion
seesplease,Coding
gnomeba,Coding
iMadz13,AI
DeMarcus_C,AI
3xil3d_vinyl,Coding
Traditional-Dress946,Projects
plhardman,Projects
bonferoni,Coding
tarheeljks,AI
AdZealousideal3741,Coding
justin107d,AI
Wheynelau,Coding
gyp_casino,Discussion
Turbulent_Taste_6332,AI
KryptonSurvivor,ML
JuicySmalss,Coding
OxheadGreg123,Coding
big_data_mike,Discussion
data_story_teller,Discussion
Accurate-Style-3036,ML
OddEditor2467,Projects
ConversationMinimum1,Discussion
RespectfulBull,Projects
Grapphie,Coding
No-Letterhead-7547,ML
NationalSurvey,AI
IhateOnions0427,Projects
FreddieKiroh,Discussion
SwitchOrganic,Discussion
Helpful_ruben,Projects
tropianhs,Discussion
lakeland_nz,Discussion
Proof_Wrap_2150,Projects
Gerardo1917,Discussion
not_invented_here,Projects
GiovannaDio,Discussion
raharth,ML
Head-Landscape-5799,AI
aligatormilk,Coding
Exact-Lime-4786,ML
Sunchax,Projects
AggressiveGander,ML
3c2456o78_w,Discussion
DataPastor,Coding
RecognitionSignal425,Discussion
calmot155,Projects
bachdidnothingwrong,AI
Tarneks,Discussion
Traditional-Dress946,ML
No_Information6299,Projects
acortical,Projects
forgetAboutItBiich,AI
Healingjoe,Discussion
DieselZRebel,Discussion
jeonghokim1234,Projects
SwitchOrganic,Projects
fordat1,Projects
meevis_kahuna,Discussion
Sir-Viette,AI
Professional-Kale-43,AI
save_the_panda_bears,Discussion
RevolutionaryBox5411,AI
dmorris87,ML
rim_sahia,Discussion
Stauce52,Discussion
NickSinghTechCareers,Discussion
Sorry-Owl4127,ML
JimmyTheCrossEyedDog,Coding
redisburning,Discussion
Atmosck,Projects
AdFew4357,Discussion
needlzor,AI
Useful_Hovercraft169,Discussion
RecognitionSignal425,Projects
skatastic57,Coding
DScirclejerk,Discussion
Fit-Employee-4393,Discussion
mehul_gupta1997,AI
Guyserbun007,Projects
enthu-gen-ai,AI
fastbutlame,Discussion
kuwisdelu,Discussion
dogsdogsdogsdogswooo,AI
gyp_casino,ML
ThinkingManThinks_S,Projects
22Maxx,Coding
Tamalelulu,Coding
phicreative1997,Projects
SnooDoggos3844,Coding
Much_Discussion1490,ML
furioncruz,Coding
genobobeno_va,Coding
Tough-Gene7153,AI
DaveMitnick,Coding
Mescallan,AI
flametodust,AI
1_plate_parcel,Discussion
Raz4r,Projects
ThunderingWest4,Coding
noesis_t,ML
TSLAtotheMUn,ML
geteum,Coding
David202023,Discussion
onearmedecon,Discussion
Illustrious-Pound266,ML
wetcatto,AI
A_massive_prick,Discussion
lakeland_nz,ML
Hertigan,ML
JamesDaquiri,ML
brenticles42,ML
